{
  "lizard": {
    "accuracy": 0.15489795918367347,
    "f1_weighted": 0.13426461101264706,
    "precision_weighted": 0.18573276569204245,
    "recall_weighted": 0.15489795918367347,
    "mean_complexity_distance": 2.1351784080512353,
    "total_execution_time": 328.6089558449967,
    "mean_time_per_sample": 0.06697577186519658,
    "median_time_per_sample": 0.06609969550117967,
    "samples_per_second": 14.91134040275916,
    "class_distribution": {
      "constant": {
        "true_count": 791,
        "predicted_count": 239,
        "correct_predictions": 166,
        "true_percentage": 16.142857142857142,
        "predicted_percentage": 4.877551020408164,
        "accuracy_for_class": 20.986093552465235
      },
      "logn": {
        "true_count": 669,
        "predicted_count": 0,
        "correct_predictions": 0,
        "true_percentage": 13.653061224489797,
        "predicted_percentage": 0.0,
        "accuracy_for_class": 0.0
      },
      "linear": {
        "true_count": 853,
        "predicted_count": 510,
        "correct_predictions": 98,
        "true_percentage": 17.408163265306122,
        "predicted_percentage": 10.408163265306122,
        "accuracy_for_class": 11.48886283704572
      },
      "nlogn": {
        "true_count": 796,
        "predicted_count": 0,
        "correct_predictions": 0,
        "true_percentage": 16.244897959183675,
        "predicted_percentage": 0.0,
        "accuracy_for_class": 0.0
      },
      "quadratic": {
        "true_count": 657,
        "predicted_count": 1393,
        "correct_predictions": 201,
        "true_percentage": 13.408163265306122,
        "predicted_percentage": 28.42857142857143,
        "accuracy_for_class": 30.59360730593607
      },
      "cubic": {
        "true_count": 606,
        "predicted_count": 1747,
        "correct_predictions": 294,
        "true_percentage": 12.36734693877551,
        "predicted_percentage": 35.6530612244898,
        "accuracy_for_class": 48.51485148514851
      },
      "exponential": {
        "true_count": 0,
        "predicted_count": 1011,
        "correct_predictions": 0,
        "true_percentage": 0.0,
        "predicted_percentage": 20.63265306122449,
        "accuracy_for_class": 0
      }
    }
  }
}