{
  "radon": {
    "accuracy": 0.17020408163265305,
    "f1_weighted": 0.08289265349759384,
    "precision_weighted": 0.11477040858312129,
    "recall_weighted": 0.17020408163265305,
    "mean_complexity_distance": 2.136779505946935,
    "total_execution_time": 2.760892414999944,
    "mean_time_per_sample": 0.0005600955583636556,
    "median_time_per_sample": 0.0003354220002620423,
    "samples_per_second": 1774.7884609259936,
    "valid_predictions": 4900,
    "total_samples": 4900
  },
  "mccabe": {
    "accuracy": 0.17142857142857143,
    "f1_weighted": 0.10402940624436079,
    "precision_weighted": 0.10303748080693093,
    "recall_weighted": 0.17142857142857143,
    "mean_complexity_distance": 1.9524245196706314,
    "total_execution_time": 1.6092415310004071,
    "mean_time_per_sample": 0.00032570755878215114,
    "median_time_per_sample": 0.00016113899982883595,
    "samples_per_second": 3044.912715466551,
    "valid_predictions": 4900,
    "total_samples": 4900
  },
  "lizard": {
    "accuracy": 0.17061224489795918,
    "f1_weighted": 0.0837368381321006,
    "precision_weighted": 0.1123145143607177,
    "recall_weighted": 0.17061224489795918,
    "mean_complexity_distance": 2.1246569075937787,
    "total_execution_time": 3.3953322509996724,
    "mean_time_per_sample": 0.0006890059408200317,
    "median_time_per_sample": 0.0004872539998359571,
    "samples_per_second": 1443.1577347275263,
    "valid_predictions": 4900,
    "total_samples": 4900
  },
  "complexipy": {
    "accuracy": 0.23408163265306123,
    "f1_weighted": 0.1811851107002463,
    "precision_weighted": 0.15944334985623398,
    "recall_weighted": 0.23408163265306123,
    "mean_complexity_distance": 1.5096065873741995,
    "total_execution_time": 0.5524161210005332,
    "mean_time_per_sample": 0.00011055256714621928,
    "median_time_per_sample": 4.7124000047915615e-05,
    "samples_per_second": 8870.124918014966,
    "valid_predictions": 4900,
    "total_samples": 4900
  },
  "halstead": {
    "accuracy": 0.1789795918367347,
    "f1_weighted": 0.10304085582799341,
    "precision_weighted": 0.09013715384438829,
    "recall_weighted": 0.1789795918367347,
    "mean_complexity_distance": 1.8462946020128088,
    "total_execution_time": 2.335601452999981,
    "mean_time_per_sample": 0.00047370491877793067,
    "median_time_per_sample": 0.0002764365003713465,
    "samples_per_second": 2097.960674628866,
    "valid_predictions": 4900,
    "total_samples": 4900
  },
  "mi": {
    "accuracy": 0.1836734693877551,
    "f1_weighted": 0.13098849981754193,
    "precision_weighted": 0.15221985737080052,
    "recall_weighted": 0.1836734693877551,
    "mean_complexity_distance": 1.504117108874657,
    "total_execution_time": 8.141303208999489,
    "mean_time_per_sample": 0.0016558376748910131,
    "median_time_per_sample": 0.0010250330001326802,
    "samples_per_second": 601.8692430695229,
    "valid_predictions": 4900,
    "total_samples": 4900
  },
  "nbd": {
    "accuracy": 0.1273469387755102,
    "f1_weighted": 0.1277217478342795,
    "precision_weighted": 0.16734307705947074,
    "recall_weighted": 0.1273469387755102,
    "mean_complexity_distance": 1.991537053979872,
    "total_execution_time": 2.3462275089996183,
    "mean_time_per_sample": 0.00047548686591523747,
    "median_time_per_sample": 0.0002738920002229861,
    "samples_per_second": 2088.459018234449,
    "valid_predictions": 4900,
    "total_samples": 4900
  }
}