{
  "radon": {
    "accuracy": 0.35122448979591836,
    "f1_weighted": 0.29174480847835055,
    "precision_weighted": 0.28112751507610223,
    "recall_weighted": 0.35122448979591836,
    "mean_complexity_distance": 0.9903934126258005,
    "total_execution_time": 6.1090440369989665,
    "mean_time_per_sample": 0.001241449271652453,
    "median_time_per_sample": 0.0007565039995824918,
    "samples_per_second": 802.0894873769968,
    "valid_predictions": 4900,
    "total_samples": 4900
  },
  "mccabe": {
    "accuracy": 0.35,
    "f1_weighted": 0.2916110807369203,
    "precision_weighted": 0.2787006719394189,
    "recall_weighted": 0.35,
    "mean_complexity_distance": 0.9915370539798719,
    "total_execution_time": 4.751434379000784,
    "mean_time_per_sample": 0.0009650376736740605,
    "median_time_per_sample": 0.0005703840006390237,
    "samples_per_second": 1031.2675308441194,
    "valid_predictions": 4900,
    "total_samples": 4900
  },
  "lizard": {
    "accuracy": 0.3514285714285714,
    "f1_weighted": 0.2920963183163263,
    "precision_weighted": 0.28351508026214495,
    "recall_weighted": 0.3514285714285714,
    "mean_complexity_distance": 0.9892497712717292,
    "total_execution_time": 7.154049348999251,
    "mean_time_per_sample": 0.001454010636942777,
    "median_time_per_sample": 0.0009612845005904092,
    "samples_per_second": 684.9267821566592,
    "valid_predictions": 4900,
    "total_samples": 4900
  },
  "complexipy": {
    "accuracy": 0.35081632653061223,
    "f1_weighted": 0.3101246795596351,
    "precision_weighted": 0.3023062195435884,
    "recall_weighted": 0.35081632653061223,
    "mean_complexity_distance": 1.0105215004574566,
    "total_execution_time": 3.832630672999585,
    "mean_time_per_sample": 0.0007780814242847109,
    "median_time_per_sample": 0.00046090749947325094,
    "samples_per_second": 1278.4952211857776,
    "valid_predictions": 4900,
    "total_samples": 4900
  },
  "halstead": {
    "accuracy": 0.34775510204081633,
    "f1_weighted": 0.29221839185693754,
    "precision_weighted": 0.27921332442270036,
    "recall_weighted": 0.34775510204081633,
    "mean_complexity_distance": 1.0180695333943275,
    "total_execution_time": 5.656790720999197,
    "mean_time_per_sample": 0.0011497359004322195,
    "median_time_per_sample": 0.0006754514997737715,
    "samples_per_second": 866.2155348632873,
    "valid_predictions": 4900,
    "total_samples": 4900
  },
  "mi": {
    "accuracy": 0.3510204081632653,
    "f1_weighted": 0.28860087048315564,
    "precision_weighted": 0.2623970353583794,
    "recall_weighted": 0.3510204081632653,
    "mean_complexity_distance": 0.9933668801463861,
    "total_execution_time": 11.306652798999494,
    "mean_time_per_sample": 0.0023006282214347654,
    "median_time_per_sample": 0.001439609999579261,
    "samples_per_second": 433.3731730431833,
    "valid_predictions": 4900,
    "total_samples": 4900
  },
  "nbd": {
    "accuracy": 0.3510204081632653,
    "f1_weighted": 0.2885952447692722,
    "precision_weighted": 0.2619684970599431,
    "recall_weighted": 0.3510204081632653,
    "mean_complexity_distance": 0.9945105215004575,
    "total_execution_time": 3.238064682998811,
    "mean_time_per_sample": 0.0006574651022470344,
    "median_time_per_sample": 0.0003811625001617358,
    "samples_per_second": 1513.2495733414598,
    "valid_predictions": 4900,
    "total_samples": 4900
  }
}